Block ID, Previous Hash
1,0000000000000000000000000000000000000000000000000000000000000000
2,9ae818338cc1e4c242343e8e4bbf45aedc491aebce6db24d5c73f654ccbcf0c8
3,5bcba4ad851f3af6a5407d71df3c50b2c867e13166ad402b4ecc94a6e5298ace
4,cf9f888eb59fcf7c92cfd835ebbb0e8ec4af4ec1d8e7645af68738474c2cce7b
5,a5764cc2efbb3eb9452f4e33ac0b3af672f1b4da0478886f924c51f786930bd9
6,a7d3f88a41bf9f08dce9763dfe562d68eb9395cc5760421c3c6b3ed61dda9d79
7,8bf464c8a620a87574c03bc96aab97ace7d91a3431ecec144aa825694c11fb35
8,c7fe21d20ef02c0be08f3a3330ee978cd95056c9a99b6b2ef201e8466087ad08
9,e51913557f375d72e77412ba7bf65e7b2eb23f4cba99f51bc250e8b9aca93206
10,6ae31ea974d306d098c6b4d65f71fbde1d7d1a899c34dd4966702c1f77590b39
11,6fde4fe6ef15f010865c1de48d81a3f4711bc860a1f81711525a2f0896d736e7
12,e7dcebc8492e2d9342f1888dd09d1b1e3702df406c0a1ef20fdec675fe228af0
13,25c7a76c5a4260ed746665048099ba7e6fc3ee46bb2f372aaa7646c20eef74cb
14,50b9e4ba55a0290a8041cc635249f5ffb308b46959c06dbdf03ea95d13490d1c
15,2778ee22ed513f1536c18ee743205a538e64f6e8c9d0e892ce92a88a97ae5874
16,0f0da5b4590b8aed0996560c39276acc1a407458489a59863221fb6e51d12112
17,325c34d2b0ec1fa0526f12d5fd6c887b5919723c4aa7f997016c0bcfdfea5491
18,7ac6893d5f38523cfbaab362d5f4c5b07519c477d12d84a80b9487207bdcbf8d
19,10af88d95d7a81f00275f08bc88b2dbc249ded55e61b8f5f7c326105279c554b
20,a6c4598274778ed078dfbbd884abc703b8e1741b50874848bfb28bf89e79bf7a
21,21b0fc538febd924201ddd41417b24bbea4c7d959f00ece1f65fea5bd4cd4a5b
22,b01eb497384043c80bb03adb61df5bdb2e85ec45094c524380451434e7618dc5
23,5af880cf8633a4238e966bacb95d1d4dafe5e6ef8c6db45bc83f8f7de52816f8
24,15d88dd5976ed0d3411a8a37132ad25f319c2d391f4c60fc24ad117f9aa31bf7
25,cc03f9bf926efecb0297f220ef576fcae7eded8820d23cb60e26173b82ec5f1a
26,94d29f4ccbeae0c4c0f44fdab2a85f9cb40ab48a8fd3cb7df8d2f6237f2b7641
27,d8587e040d206dc34844391e961d91cc6baf733ba9f0b13c9027758046abf2da
28,2432dcd19cbe492635df1f1145dc566343bafd9727ce7a245f27915f803a44f4
29,bd24dc19f27d4ce4cb739b9727f64d020eec9088eead1f315b07b2754e500d76
30,2d1817db539b48c3cf7e220417ca5284aa5acc66acbd4a1e147eba2545be7310
31,b30e601a6f6ea9d479fed1687bfd81226b63f9956251016e1a6670a978eb19ec
32,1e377288e1cfc93733a9081fabe77b6aea1b882f10cfa037d95580542dbf5ae2
33,b85cc8c0f77bb8833fe7aebe7d2ada6c6dc3499ab368677cf442724af5ea2940
34,3c5281881da9483aab56a75def3249b6dfdbe86532f9c766ee906e54e3a05e61
35,7839132f399ca9120e0a13eab0c920756763e5280111f334b31f0ba94319b941
36,57655e477e55e53c33405db7f077abb9071ef38a05d3d99293890ccc2d6927f5
37,2975fc7600bab160fed797f89e9645098df1f8ed7dc7b606af5877915d8eebac
38,84fac30557175c5df316bc979a2159e64c2cac5e74c320577bda3067629c22fc
39,d64a83b479cbdee315b1a8ed1c6c9f27d742d465bd1698bfc352d23e5d53dd9d
40,56cbc1ec76a4d990b30e3f281d77ff9c55566da9545569964b2153fa0dcafca7
41,b52128291898b5cbfc4e952442533c068a36f55292dbc493fb9cb5a9119784e6
42,e16800f12325fedfc9c25e029657e6fd097f225d8b3169486a2fcedc63165f7e
43,3a92bf78c9e33499825eae0ea131acc54d63531efaf51efa69303a2c947bc85c
44,43a0e876d806585a1a2a4c79dd833ca2b452e14b24dffb35bb2ebf2bdfb776c0
45,20be12f43a8985250c1c955254065b412c389124fa868e501bce3c62acd661c8
46,d0076453f3fdb59248f41b68fb01116876e8c472e61058d67e2d109be8ae71ee
47,37417aae6aa1f538f9225f55cf30e7a2b3e1bcd66009640e7ede2569578d7331
48,4f5b7db39df9219aa1ea71f57528e90d9c6d3fb621a3cb9e2d78c6caf7dfef7d
49,e8d7c6733230c8b33fc0f4c1f42ca252e44b05befb172e9b6bef6e8353ab8ca3
50,a6248ff758b1a2df56ff4d1277f4fcc7aee4ffa44973a5c2fbc03dc3870f61ea
51,b388f21c45a0758eacbd9ded9c0d9299f73a20e6887f4efddb3f149eb02d8f10
52,c92d8d26916119dc5fc0d9546fe8d970eb5edc95a68538079e9cf7ed90b3d75a
53,b44972564efb3d1a32d956bcc001d80b62d950d240b71437b98b9053d56d7275
54,0109373ee602cf706394e16eab98bfdf1d39a08fb7ff7243559fb0b07601b69a
55,72b85bcf897ae7a88ac08fe961c3874e48e01229140bba8de28eb17aef6d3c0f
56,b9ef6f76fd48a5f9ef88cf4540d5123760f23135b258ab6eff3cf909fd40d962
57,f8e660cb59056763de796d6382f1728831f65db7e62746e392e8b090f843e55c
58,7e58cebf78196f7cdf6fab4b81a2e6abbe62b6e78f755bed08cdb0b3bca59d4c
59,810aa6c0518283f0875fb768257d466ac008dc93653f59e47f57cc53835f498b
60,06c9db1d30c78b2931b50d47d4e688e4203c2e0cd3ad9aaa094697e6437325da
61,8ec4cd4ae255287b3d84e45b29d18d6b68320f9e370152b2bee5b84c04751131
62,43c37337526fb0f60664bd503c99e77afcf987a4a773d1d416271e48996341d9
63,9ac45d15329d0d3f4b21add2b02b4d71eca0ba98cfe67eba100beab0f2f07e8b
64,df4ef9b12c57bb90c42f2bb6943d4872c0b0e36af0aec3952340ac9863bbc5a2
65,226dc9e6f714da996dead59e69733fe747b03b623226659c759df6ecdf3a05bb
66,f0cf27b3e40e62c14e72f796b704a22555ff2a1d2627677c6c52bca9ddeb5a44
67,536327be53ebe8b9028240c52ca41b7e46b5eb20fbdfe3242832e1d01f3a6046
68,d72f821898e2ee1bbd0986c3829e2c16ad11105f3b482b8308b6c6c68d2cfa86
69,1b9684592c0bce3dbb4748af47692cc5b4faa9cd9256ecaf0eae99adec6e3b00
70,d91d92976e1848a14283aa4549ebfb463de5f9aa2171c24b604d693804df2fa9
71,00906b77092b573711767be066c8de7532a3ac2bf9e750fcb79d88725a9e8e5f
72,2547ee615a64d5ad0774f256d191d4d8a02c04b31dcf5614da28c70bb40e614b
73,6568a84486e217514472fcb81ac052ccbb85f52130d568d0dc9a717be9f12f90
74,2865ac8ec69b6692b9d1434ab3a87e56306740d7e3dacb13d63167cd3433da98
75,643796d9c6eb01f1a6db49899c499bacee536d7f1a03d3bf316b40176b527764
76,172a5f68f995892becb41e03dc39ad7fb3c4f1bd32fa2d38a996338bea4777c4
77,e223974ab031a04c9575c52f2fa95b81e3da3f5efc9a79e37f30f695d86f19f9
78,7dc9e022905ced745f09cc693574c984fed947b8c09a11e42e919732091ef32e
79,94e0310b82a32aa7b9dd817f200d7b5646f7bb2903969244c68074100dac417c
80,b52d9fbfb2b643c3dc9c233839bee5f9ca624f085803d12a70c6ceea59c3c656
81,45ade4a1f0471630b095851ad849cfb0e3036d3f247a8c7f0d786bba51c2ca15
82,8256f72ccbfe804d996b273ead500d878248facd0ee0022a84d87582f74024e8
83,f080c8eb88fd99ad052b71494058181d4a0e0082e4a00a160abf0ea3403952bf
84,d5f07c499c80ba286a576885ea1bea96e08dbc7fd290201dea537b2b65fb4bfc
85,9f200d55ef53136e5574f9f8faf34dcf3d2fb82c2b1b2069cd52968371148c56
86,3db4ef3c21891dae11d6643179591b2c7eba5928625d7a774fe55921ab2cf97e
87,e3fe9ceade75ed1700c2dfe380fb8e7c68c78a4f8de6ee4d0d296e47eb450df3
88,5d7617f45a9beca29e3ddad43377ac415d807ff273e7fbbfa5ba628ea51d506a
89,f442c50e8631cfb3a092b063366b77761cd79237b80a69d50e7d42f32fdaeff6
90,bcc440ad4ddfe39e69eedd3ed2215be4f77b3657b9bd04313a82ad56210ada0c
91,95d120b07c54b5303c0348ba9a6a4e7f6d8c3533a02ad605fae55ffe4fb218f2
92,73c9990af647c4a8654291ba2cf62e1f1687c61d3b9362a7c93733d6b4e58e22
93,3cb511ad281d01e52d3581543cbd45b96190c3b58822195878fdcbc1638d9b8a
94,2b02bc65b57cb2920e79f8b73c0c3cf63755032eb6432d6ba8a15b8d80a676b0
95,1be129594dd577daec5e4c9d318e7b91978f9e9b5f957fc0939d50ac8d63d104
96,e167f9e3aebcc1810d64976a343854ba954e9a23598b6fd1a81ebcc029ae3fa2
97,b681b4b1cff3ad283561e8d19fce923962c567c482e222f783727049b06d35bd
98,d444cffadbffc478af246d4211a7c009a6ef314969348b141bcf3129a8a82a94
99,7896927baafe45e21ab3f9883b36df0a265384d384437ea284f241d2fd802212
100,861d6f1a764999c635f88ccbfe4fd95c71e418bbcf2b71d8195a1afa6a231a6b
101,e88e9515fe3305f795804c03065a06105e4b82b11f0ddc66b3f89420a9793276
102,1df92253577c07fc40b61115c508ae31514c222cfac2969343f1f72f40792f0f
103,75242658290d04b97e5220128780be13f5f1c6b5080eff7cbd32a9318baa4e7c
104,4cfde728aca9568de735645705751936b8754e51efa826b2cbb455fb14bc2b1a
105,692b0428a94a11dc64c0670c5a7a4ac922822f0f03c6d91fe57bc526e4ba19a7
106,ef056ecd445e560279d11dc0497df8f5df5ec0a0686d86c327edb1dfcb77462a
107,82305d82485b2f9a75b1c169e3f3216836fdc384dc45b2991755e7246a2aaa61
108,bd5617b4cc34361559f01109e5c73d627cf5cf213b4eecedf77beec7d4d3b543
109,89a729865f437b18ab437c1309c45f8bbb030f27c4e82eaf59ea2de05dd5c90d
110,3941414fb179af7b901fd241cbc63d9db5c0aa3c4822f0ee91aa9aaca2dee4d0
111,8a6b66a871bd7695119167f506c493a1276944cbd479eda554f574009ea09744
112,09923ade2c4182562a32b90d6c866b2359d14b299175b18fe0e953284ad9554c
113,9a14b28db0514314d541cac3e266162efc9cad78dab1ce42c59c7cd9224d3344
114,b0e485818703dbda3a79debfdbdb4441a69b0446d158435270d2c5ae9f9da50f
115,95ac7a3bbb49b660c8208431a1d1f9d17e826d93198f6d7be195e8c1cb04583a
116,ab8d8f59310d7c06eb75aeb7d53f4dc93e4a05a967b01bca0efac6f4d783c6d3
117,6b02af28dee67aa12c2193ac9b7d2f2793a4ece44dd73685687fb0d43ba58158
118,88628eb11a47562b1fa7143badd31ddc1a468bf67159fea7a4128e2944ea0b79
119,ef918de5c2afe69089c84e7d21ac9f77ad3d0dcbdcdd14a3f649e6b640d26ec0
120,48df6f711fc95285090ca7f93c52e06e1d0c9f8288d6c52f99e80e28bb528296
121,2f6742a19817e944862037e0b4ee9cfbb0b17865e13e5e64075314737cbdae66
122,ebfea2908e7d56f61a462ab105a767c2baa6592c524e49883ebeeaf61aaf72ee
123,8206aa68d42951baba9e308ec503e06afb31e6f9e5de521cee142919a89de60e
124,da14d5ce2ffcabdb447e540daad8471ad7eb3f8f05360afb3b519cd1e696dbdd
125,42d54ad159b24b2ab67ec9f7146a19ec0e07f0722e86a1d467ea7137812b2b3b
126,61710f274299b0be2aa6e5a44e3e3d05249c8f6ecabcde551376ef5cafc15a03
127,50af5225605289e42eaf3ca2d473ab38458c2f3b96d2aaae21bd52947e153943
128,d1c92594dec249bc8d0bb19f4d4d8e728342b2d544b9e2fa7697e29a09b8f4d4
129,d0ec4e78c599a1aae14f908a81b666da9d8711b88e7b94f1b02e82ab11e3854c
130,d43886ed804265f904f0a9e7a4137681b45e538f4d4f847b0aedbcf70d453fd6
131,dfeb7fde59ffa49358e8d3062887b8f8d75154d7d9ee07ca5385a2d6c0ab2ada
132,b8ed8a79768fe16a4751e82afb349bc9bbe54497d79f29b023c826f187a85919
133,4c81c004372b69a9af2da3c7b9a03ba08c24772cbef9629368994cba110f9e60
134,e8199e0652943828da4763c23be9084e16ef734fc015a0f332da552b18324d00
135,ea865e0972fec82f338f7c6ea3baee12b52eeef78a747fe7c7324ea363cf562d
136,349e3a4fe5ad9f1cade8b0e760bb112ca6d4646c14b4eaddba5a53c120b95ad3
137,2e7db63634f5141b4ee36c6a4238291251122b635083263b22d3ce1d3eff2c45
138,497833a53b1ef3c93cd07cef8b14c4384d3e1ddc8d25fd19156c3c069e346390
139,f5977332770763673c203f1fbfa096b90e41e9c574c159bbadedc8ac11cbdbf4
140,34c8db82ed2f68c9b8b2b87ca29b6b687e835831fbffddfce9917ec087839a6a
141,33b45c94b2a9b6a773ba32969c512087d98dcc9db356c6f55f61ce72e3134e72
142,71fe7b0d331f1e67d0f4d421bb40f97ee76c675a370b569bf9674bd930977200
143,bfce53c70a5b63578d952dffcf38caec916858051d9ccb4b9657626c632552fa
144,47fa90715e07eb0104528c66e68436175cb8b594621ac8840dcf32d9aff18b9f
145,c080dae13d50ca2c60da717a959da2c41b67c5d76bb18d680351a267ce67a502
146,f9e7af47d1fcf26c9c0ff91fd31f9b0245eb10b628cdd191cd759dff4a8e5ebe
147,3d855602633ab0d35c693be08fe6cfa6e89d6d6d59b262c4c190f469797c737b
148,800d7eb395e9451a01d32523e6b15509c6468f253c61aec7b3f528741e85863a
149,0171eea6de8354129612e9a5ae5299289154c0ba9bda31f11cc20d7a20ec0e47
150,36738bb7719b3ae1564e0065d61c39b3e34f9e32f0f3298bae62988d5ddbac4d
151,be7b8084284c265908639950713c3f04c26086a0842e003eb78ef986333df27f
152,969bcb179df2fbc3eb86b350d67eacfee0713d72c080c9cd1f52bbe07e538b8e
153,af8a97dad4ca73fbc8c98385e09e4898f838b435349a0732dff6c5aaffd2a2ac
154,a3e99c908bdabebe92b34408fb781a8f313d4a40cccbb6a57621ca3f0e8d10b7
155,8d242f3a4a40131af53c7742e7787389de62be969ba17484210de42499362f71
156,f237ae2d534af527cc63e415cb66e15dd3d31f884bc111fab04a2e10eb335229
157,d79c0201b47425d61b030139bd1b7001ef9e9a7880793afacba5e7833b37e6a6
158,3f749a260fd62f3c4d70448dc2106f6292faa46eef983a11391a263a6e5a2fb9
159,ce9677fda4c2b0f757925242d5d4e469cbdca394bf28844c813235d8b180180a
160,d2124a6ca48983faaea09f403092aa1d68bcffbb9cec3cbdcc8381c3d154f9e9
161,2b2d17c7f44b979ccdc8ab01b31a9e9c5d8893fbe224bd8898b8e62ba92274bc
162,ea5a1102c72e15babbe91a0908b9d2f1da137f29e0145d2599bf50605ed4e10b
163,2b9ae8b333c5ff7b0b979b94aa6179a48da6968b030c8a135220a07aed9b43d7
164,00ff19c2cdc6031e3378918373a319ae1568f34fdf0d0e626f56a4d226d3a543
165,d67fa618c91038885faeda0f953d51ab402ccc06e86829574fff50f564dca311
166,e46dd04247a91f1b34db6a3aec9661f1d92bf946f590916ef3fa496dd18e5c2b
167,b33223bed119e0de6d6a6c1069c70ce57c2008b19867adef1245e2947ec91f51
168,55fd654e519f80ed0f269408f3487a6bd8593dccddda5a96d7ed8a8497f5ce2e
169,4ff03b2ee62eba83d0e3b8a847cdbacdb7a982387834ed63a0faf793c5700cd3
170,21382247bf792b25e9df3fb18e6cd9e8292a527744d837b5832e0890ca115021
171,532cb651a1fdb8b22a1ceda9bcb36dd11a471964be5d356bc990497f1645b259
172,1855e560ab979d09860542f3b03118ac029ecf4bb20f9aa4c1698d27d3d6b85e
173,84cb9b7622b29939a84e7a42fbf2587ca240236dd5840e1d7b3430f7b44e927c
174,38f10d1e7cf5cc9d3f1baa7650f93b523472c1189ba852171b009e0f0257cef1
175,265e264be33cb7ef5bfb9ad30a01e72fa4c108039e3d7860bf2d042fa3dc101e
176,8bd5e10daeef257aa257d9440f2c4459c5532496f5afbb0c6f3db7b3b546e6f9
177,3f5a5b20a576df62c7c00736ca74129a8438c462ebf86fe42b170c7b377ec384
178,ee461e7b6306dddb92101891cfaa1b87cb7b355de5ad4ec4c75e272d8614b49c
179,f74f5aa86d1d1d3711d10e61fdc5c135534735bbee2908a1e2a277940fe95939
180,4b63ab7cf47a3efc908769ac631fd366dbb708a5c517735fde6120633900c1c2
181,a132335ccbc5fb7ae4671118621ac5941c51b934a46d240f1ae0e5d76ced5f24
182,57967a9f67eebb3606a21fd64fe2af280dae01f669af056704fda68a8f1c831d
183,78dbd4fe9b435468fa45897e3f3bce75068ff994c7a513bc808c96553b9f1033
184,e6bd25d6aff471a98ec632a4dab24a5fc7682f82cd2b13754ef90f87bf3d8948
185,fd256e7959827028969e020048b262db5c1e9fbac48a4859ef5429f33bdc28da
186,737377b08a333bab54fd790d285b8e4631308959137f5a745b9ee8fb72aeb7d3
187,3a4ef6220a05f7163bde43a6996fb05c704040a444819ad458794a8a3ff2904e
188,3f2ecce2c9e60fe461212016741e65231fcf38bb1f2cd0d2827167844b1ee1ae
189,9258c7b8a71420241d0ea1cb4d6173287fdb2f07e040953af4f52ef898d6c681
190,a684a1c9aa0ff7f92a18c26471e1a588a7072f346b91917d6f51c01d8c1f68e0
191,141099c5d0ed0aabf15319b937c1f736356ab976fe5de81e112640899f0fa53a
192,6ca5582d56e08ba3b8091f6d9e9de8043d71a92b454591cd6f747e90f6bc756a
193,72f186822e082928c620fd28cda714c1dbbd3f8c624f3fc447b2c400fef0b022
194,9b8380c35ad0bd16bbb95d0cce2529088c51a77f20af29e9140d1783230e8fd7
195,79b88b48152fd75d202174cfa7e4b5d1c0613242a9de0472bdfdaf1d10aa335b
196,4a705e26290a136edfd20b28d13eb4def07364fcadb89e15c58e17c1005f80ec
197,ca0cf2b71ecdbffc0776d9e8b1f624aa4b13200d0b44fffc71dab73277f62fe3
198,6fc27706af86666b946e1f128968e0376b7305da7f4ae55f17da8ba517e8cf7e
199,ecb2511470414147375c7433cc79d6772331c4adc32ab9571055a5b0b6a52bdc
200,03a87b9d20880a3675e42923fd6a9f8b0c5cca442cd01d180fb991d3c5b34699
201,b0da050597332f7f94d850487531c3abd868c8d0d5deea6a36cd195a2fb9b0e1
202,33c3f49faeded0bd40f9444eb6092a28fa19d647105dfadbcba17e3950c1e487
203,5b0be15656880e7ac84c884f930d5614bdc4e6a4dc8ee54d4b86e37a9877c0e4
204,e2e1d07cbb73179cc3ffdbcedbedb2275b7c58e86a973080e542d008557245e6
205,ac9358dc2f74e100432071753e9e350304364d186e8b09b749b35cfd831e8536
206,a457fde264685b9124199b0ab056495225a37cade284d11e2ef8c4b98f1d0ca7
207,78ed2d30fad1e39c2b2c90df0534760bd859c5d8533189338bddc6540e90a298
208,d19410a096fa7907e0fea7c170ddebfea6e2a5fc1fc02c7b678ad2000703713b
209,5e33d09376680779bc822eb802673563627fa1dc4477b0eb9ca939ac6f925a0b
210,ac4b850f8989e5157008f79fc3e37614e7115df3f3ce39d6ae053696da111528
211,d66a07f2993273d7d6980f93edf6b7084b82c3223d6ca47364d140ea98d1bc74
212,2f97cd4f1b6328a4fd3af34e1530a50b7ad124c3252918eeaf638d4a56fc9284
213,1ff0c5777ac3c6fda1cad2f0b176541babfa56057099cc375958faceefb4214c
214,ba75f280d1ab0846d5236f490bdf9b03165d104aa1522c453b0c0bcecbc7eddc
215,da1a58544813db669173b4b2246c016292a9f9cf1fae4ba989fce55f5cd3dd9f
216,034e6debc3afa7011e62c30290702bb1defe2affd0972046d705bb38b9506844
217,33093878a12917e953dd68d0a4e553fcb107de74b28a603d7d7a05a4b5dd0152
218,c49ffc4434b02a0cae3ac7e88b159c20ff9dfc8c1eca9b40e42fbcfa310b563a
219,2940402d9022681a0c871d229593a62200e6759af73e3fc41e2c2fd64db8eefe
220,6d1a114e4541c0d11bfd3c692923b6ea540658738d349dad67de25eb0706ca42
221,0f3b82947203698813ff2e68264ad0eab5823839a1474f289a081d6b6770e01e
222,42f4ad476c26e1060d659140700dd634b412adbe52e9769a6aa28ec7c058aded
223,19f754db7f31c1170d79a4c1a5ff99b9376683d588cda11a9d0320c1f67a1670
224,f2d1b2d37749f5c0816054fda48cf2eea31a5e19bdc77d1fbe2c924f8b611d9e
225,1324ec864f88ec11492a6fde69b8df96645ba72c56f0ef8bddd656fae3d43877
226,cb46650051ea8fcdf125b9c4288b49230b9cc2ac47c429f7d8482659d2a664f2
227,b7efdde228feacb9523bc74ec8e13f55bb7a266f93557a24437c35ac4215a71f
228,67f21ae4ec5d2aae91f0784aa9978b9914eba135f57cefc8bf7aaa35c970f484
229,0213035a640559b466470a3a8fe66dfc7fda0075cd8fe00373896ad2d8383763
230,e5c56c6a359fdb1a3e4fad84e172dd2d42a433f899f99da031cee76d47a1fed1
231,de04689ddb1d6e1802f2130cd752412b6c5aa105d647f418d5a5f9e3421ca311
232,add7d06c690b55c6815b9a794aafca7aaa46683c2225367d68805d6b63b26c20
233,d82f8d9f5c1d90c6004d11b4847c1fb6fa6f24057b0730f0b442653dcb9841d4
234,1f74314ed03d7fbc66824c015b145f533f5a720699aa3ad18142de6a9fb48c6c
235,0d34597f29297de7206400381deee4731c233969051fb7b291d59795d8b1f6ab
236,672bc71213a297fef4eadcbaad5b92ff53f4441637a28d3d50e8f05dd53b6b1a
237,a81f0a981dffff89a857656e32d621897143d6461c430676f5be84c17544b14a
238,a55d930be9597901f3f4ee00e3df98e610dc784eaaa5321cc07f6b5fa72833f2
239,e43f9ab70ecebc2c9f15691edf7820bece8db3178f66b7d2ee7997fc95efb7ab
240,702bc76dfde50381840a302559a83f4887fec49bab685d36bbbc9ea8837c3120
241,2395344fbc0d0af2eba80a9233570bb066e7318c6a4b04d8801cec3760cb49a6
242,5fca471dd392c2763ff6d32357ca714d5cc42d008794b60add64fff61fbd9176
243,276737b72b69cf36f79e420696f3b6f637c56d8b32a96eaa3f4acee3c2edd50c
244,5c0aef94b426346c1c69f3f756f886061a78f1577fee2a3e1d51e431a51004b2
245,7d523e243abecb156f2ca692a526c2760c4879994550b758c3605457d3e97a87
246,681c89b9febce8f245a78183bc57b4694ea5023986b6efa91a624a55d4afa43d
247,9e0a59fa53c1427a224fb5049479b6abbff0066f782df851c956b071e875c9bb
248,137f3051fa716f121ebbd3d8d379799a6b67ca23a2f07480c992fbc7b34a94bb
249,43b63b16cc05ce1d99b3ad79fb94136453a621b3b50a87cc9ce4e0b5e2668fea
250,46aad489a8106e6c1ddcf217b98417e99fc1bbb04e0d429754b322ea00f51f22
251,2939d1df5ca70a8224825ccbd90b45927065320396a31ab52d654cc0bb868187
252,22534acd5042c670e950b17b2fe45b61deee7205d61a8e009d4514364824534a
253,edf4edef840ea675e7a5dd4a66cd0d778c8837f7830c9bf1cff645044a4aa52e
254,7aeec1c4c4445c22773aabbc3bea0afb327c054dce58b8b91f0a1fc9b7109549
255,a9f2e7b752d27a56fcd5e4054c4676170a969bd49c751ff713a5b27e8787155c
256,196be5dfc4e9f9888eb4cf292cb28fedf342fa6891bc714ebe80fe85c7a710e9
257,305cd4ccb2b9cb4bb2cd71805b1745c96b79f2ec51b47b195af7a2271e05ada9
258,e63f5a7d60c5049a5377edc331b8f87735d1f60c8ffef909a4e38aa016c12ba3
259,06da262499d88b5ba711ce8d1a9a9f19fb3350d6666e8e3654e7d01894e03164
260,20aa638f775eef7fc21e720b5e250d4b47d947ab21ee4dc06abf62595f47964e
261,620fa6adb1849c29674b2fb56a28b8080347fd95967cb76bf69c1ae79f965a98
262,d79b81f523fc386522e6f1803d1a64231e2d78cfb53b897093b7a841316df7e2
263,f26155a8bc1a8eb1caf0757397d83c28139410f6e6b9fa0e34199ab001f9b078
264,e0c81e3363a77f780192e48264c640603cd76ee0fd817f557348c22e28fb23d2
265,eb8147695a9c3266ca562069597d0680769677add467b486978c2b0cbe9c2a7d
266,518210c3dc892d671a5e1280dc6ec38807f1c84119c15befdf52b6e6909908b3
267,4b58e2e25836cee2359e067fd7f0bd6d8d2478ad0a9a949c8fd1bfd4502dd36e
268,66e4a670403a13459b2347d460a18f2560815ac6313f42739eb71662f7efc58f
269,349b05574ac100fc0c1d5485d8ce1f1483ae1d52d695f731d42e14e7b793c0ea
270,edb5acfd001dab37172523624c2107d6c6e6873e2f470268ceed424a6481ca07
271,8999978f2e77542370b36c0c96a1c4487026e3cd85c873db2aa2d83438e686a6
272,5b4e895c94a307c98f0b16e8f92163c7a49edd49573a805a486731ff7b59d3fd
273,88fc49c094ca6a1a02cb489ef74998bfe38a8f1e4fe17a605608bed41b5d898a
274,faabfb13bc8b7df986d3604b02fd01d644d09bd13b917f841a4b873cfa7ad193
275,6f97e25a3e9ef27affd71d33785408e8c340cb405b1e2849590f712a668396d2
276,6603c2828b1c3aec6d184f6dce5b9ebf31067d51dadd9870d8639b387b690a78
277,37d33d5bf905324427583565a38ebc63afb8de186cac3f2131c0e1384fb73218
278,96283779bef8053a8179066284a8cc13825df1fa2c49bab50863bfdec079b361
279,cf3a6541d0dea2360ee3e6241f129cd6832ebb35029a969ce56424cb71f43724
280,87656b6edd484e68a44aae53537fe00596fff8d292fa1f974cd4cac5933f1959
281,442b9b27f5feaef38dfe2c89b9f90cc0961f5e9de9552809300e032e3e7a1f47
282,11b3d7a90531686cc2997d234d86c831252d51323f65deddeb2ea748ba309ba1
283,9d2737b95c458d0a4f1fad99f577fb4c72471d0a0c360ffae8f7ffe800dc98d7
284,b206959c6872da1c00bdc786c81757415b85c3a939690029a2900a5fdbbc5633
285,34b8205f2304eb3e715b3e5e56abbcfe2e552701a5e495ef1a880b1addce844c
286,f896d5f7a2a4c0e37f6fdcb6a629a3ec9d3176a0dd57d8b11f379fff35230e74
287,1b0ffece9185aa67c2a54a5c0db5c28b10261bfc58c32970d2a7781cf54c7c04
288,b921723d02a7bed1c74e6ab7d689669718abdaa8cd91fee8ba2c3b2f3be28e61
289,60fe10820b84dd6b2d84628a40f6a361a836209ac2bbeeff9eb93106c60b111a
290,07ca471837d7dc50734e64c5143be1fea85b042922ccb73f3cd238f9f8c7310a
291,9fb78c5e8040d01f5866d886aa83309a8d9733ccd9754cd8db7736d3fa29c692
292,0af70094d2f25490b81e1e0995e6d700bc277de9aa1d8a6c0ed266e1409d120e
293,dfd1947a5f18e9a08701374a5fe6516bdd6d08ac4270465c73f5149430053b70
294,5cfaed6b109eb5bcae51913f91f7c5c631617847fdf9bb777da5d7d219a25d59
295,4c1a46208cac450025344ed57c4d7fb7198dad58b667279f718e339e0717c423
296,8d743ec6cf01f925d38ab8cdefbe88304bc7e26d2f7a3a57995e673ecc400bec
297,27848c930c566f920b79245cfcd3ded9e00148cafa3055ec0e4eddcf59ae663c
298,725b6c171c1a4475d92af4cbbfd91c8ae2953a2f88ac1ed3f36fbc172d270db4
299,27c6d29571108bead93046deb6db4ae2b45973f184682d75ac0aea281a6fba8f
300,4e1ab1cbfb0b6788ed69e17cd5ece6e9bbfe6fd928e3b2481d449c86aa0ea7e4
301,af52ec4e97fb6b07ccf451bdb8257e27bd2b7e28be1913ebc24a41c7b208d776
302,0156d920b38f9e109168733f3918f98b176db53e84a8aede23933857db7f301f
303,c0957fc0c758aaa3c953fd1bcce970bb118e0897b12651ebf2513608acd7d8b8
304,6e5c879485008157f01a50f9470ce598821e2ec08070a0fe090c2bcab22280d9
305,6ba3855ed7f2a1ac54d4c607f1b8d9f5734a78451f93788c088ca38dc31dfeef
306,3332e7271e46e6124c42bc2c1d60a5e748ab4a94907781deff2bb82de20ebeeb
307,8c739eac836a5c68e343f5f5747aaa0655c363291641f694b8fce09835628025
308,e51805eb83d17e04ea55d34342ac81d04ef4d8a2f67fb2a180b125769bac9ae2
309,3db38d7b059d504f89216b330caabc0179265910a29e83c0131dfe3e97865781
310,85621286c42aa5102af38e35e951e5b6747debf20ad9c067d6c371a1716a7896
311,7468eee44af49f588082ffa30ac111184e2e6b8d64e0a3a6d4d9c6f11dae904a
312,59e3108e8bf481c2a031daf2be053f0d11226ea47005df4c6635d03a95b7eeb1
313,262883b2426fe2796dda61d5d36b66712ea5533b3eec8a1d8a60df6533d0a480
314,ac6288f29ac52a9037eea5551fd7836a1b603678874e5a3768a9ffb2026b98ed
315,ca18211ddbbacd3bb7dac214c227c294c0233bdb0d62d41a64f34713f616f5fb
316,89d7f3ce35e9cb89bf4382174356ed46715fc65d804fb53f85228abd3ac6b59a
317,cf216137ca11291d07ad4d4e2907dda3d2d9e31e5a0047d427aa2964d9d67d42
318,b83674abbb330c842346e9ca1b0a4933e97f08b6f6031317f71ad6aed4f140bf
319,4d77509bc5c4f15aae62e16d0feec3c233199ff7936f42356dd362114ed3d59e
320,072f0766c64e1f2cfd14df33e45204e80a5e6cc1b9bd3258188410f6a2b85db6
321,10bcae4a11549454babe6636c2e74aa5e3cfe015b1b9c356938dd6a99b720867
322,57b2511a72e7bf0682da34ba8e97c72b53412e8c1f425c802380633e3913de3e
323,51f65e24be3a74f69ee8ca7cb0d3531d10125e6a3802cabc35c4db9caed99f21
324,28dd9451757e174085b17c8edcbb9dda54e14a91b6f758fdb397fd07e4719233
325,3aba72c6c6bb84933b327fbd0e0112b41123a3c0c50b3fe3a4a9a6eed0ac2f42
326,a9748600c0d1ca10d59aa68ab7f06eeb300df9b71f11b92e58153c923de53098
327,db9d103c6895f20d80179868dec188875198bc0e62ddc6bd325a019ad69ecc4f
328,ba23bd6d3933b3b2af11030b9123e432de7c5cc21f98209beae588bf7273fb09
329,20c4d54c4981aafb4a6e792bd5c31d0c1edb3659378015983422ff9d0a0b9829
330,2b9fa4c9fe6be6f89c65875d6c896b3117fd264cb0efdec2d6f360e1e37373d0
331,d76c8c6d0f3bf816c9f33ffa434daf9ca60ff5b6f0839348ddce4e34a2de112d
332,cbd5228f49eb243a1b497fcc418fc4ed0e079a187937be7c81959209b127707a
333,135e10cfc9989c8db71f792197845f3c79b9e747b57362620f13849f4c920d41
334,a9d0739a482ddd619d74eb6846b5d17184d10414527a0582a160f5308b6fd8f1
335,99d27c997daf431076fd7203800a5c8d8025bf808f3aa9db89a1a7baba0e9d12
336,12c1df74630957ece784540ccf7f46ab7ed28793614f6d8f6b02de0851dec18f
337,07894a7f0a7269fd26fad35a2ea2e36b0c34d1d996b78b7967f2a0a8713bfd22
338,35c1b646630e908e1eb2fc9ec89caf86534322a44cd3a6c121418a13d46bc802
339,9c715fde933992ccd132fffcb4c52380decc85fd4d23df4afc5a4777dfa83739
340,26e4cb4c977391d08c99bc591348ce2ba1d29e92cea115a3e99d24c419bf6c8f
341,445e2073eafda1d51315d45ed928d6a196eec977dc58301480bebc27029756a0
342,f11e9142cf6df38a35bafa37a120079dd0140dc81e6139c910a10be2acca2975
343,945b1cb2eb2b0c71ce1b7ccc27982c17192f2416cf00d2461b3e3919957d17e5
344,ce83d079e5a78c3063c927e29ccb07b72eabe4aa7e611c7767937d14f8fe78c9
345,9b14b56828b63850680b6b9c8ef1e4235dcf34b3d219fb4b9ae8ad18fbc448b4
346,d861e95699696dad2a195ca887e61df9dc68505c5bc69defa5a7ef80ba78c59f
347,c56c3513beb92f53048aa01d19b99644f9cf17d7f90c0a6f81bb8e99f9d9dfcf
348,0e50a01bc9d6c43fa04bb5baa4807c002934a3c7a6c2defc50098546944b6778
349,f70d0e1eac3f117583249548ad08b9bd8b234f31b7c2a3a967ac508ef108c14e
350,dbc58a0300a7c8569b65a26567783970d6364a8aa95438fad6344c8c3af8d309
351,be0b611271c2452c89c4124d5e0fe701375fa9a09893b961e0908790372b82b3
352,efb16acb358ef8f1276b5fe572aea8912a57f6dbba94e983cb57907ca76a8ff0
353,2bcfffe8793acea816294928875584ff03cd2ffeb43e307ecbd3e6309a83f0a5
354,7e5794f7d66b3e94ff4a665726c4bc99d52fbe8e20dfad40d423e38d51d461e1
355,f54706dd83211043551b4ef556c51946d1d4fb2a0ec7f768a90819eac1d5947d
356,4715ef10db13d443ff77f97b5b01c8da535a362aeaf70c734e9d1d38e13ed878
357,2a214c30d00bc274ace70f519b5e7cfa08f6cd76dee1de2f26cff9cb791de03d
358,43e7c017019cac0f095684948dc873922c7c55c768e7e6abae7df598cd2aa960
359,789fec5d46d6ceaa3c3b098a51af369ee39d003a4f4a734baf634e80b8eb0dfb
360,64c2d924f8047805f557389118dc65898aea2bcdec2a8c4176538e35a9f7752d
361,1ec8bb65f2dd86eadae4e52418e1e3b361400e761bce0427a398c66529de9fdd
362,343788728f54e91b37b1413318f781571777f298b8ef04669c70b54342484842
363,b346c695cfa432714084a6a1c67a0ddceb21f88ec450e5adc66fb4f76d69cef6
364,a6a5a5eaac09e0c97834970b4a5724e5eab197dbf10a137f94c51dd7cc71456a
365,ca5c17f78c275bc0f25ab978cf0ec5df42771c49332b52f7b2029d40b9a7d8d6
366,8590d973afb8d64c74a474de43ab8f7ac1d2235f0733dbab768ebb68b4fd32fb
367,43e82b77ee8c150842eb54f7245db9b5d3d62cd8cb99806bc5c3a3fff14772aa
368,8196b0c098425a3948a134350fea72e5cc446dc8d6aaa34db7b924f19fd072ec
369,c1c6a24c6f7b0bd2cb64ca8432a853282ddf3bf207187e44ff91b190977a4621
370,098365627e0ee7d387aefddfb1daba57c5bafaae04e7b0870dad3bccf2b239c4
371,a18c44a24be47e5b563a762b160ae698e69373253a44c14f08d01bc37fd695dc
372,f8e94318030c04aa8742536a6a03eaee0a389619c62ed492b7bde0477dfd05c5
373,c5115489bb654b7538d362b94e6ef08d5d5c148c50c79692aa323aa183fc7808
374,8c6a6376bdcd48133cf5d9172f2d48728e8dd90a41a1cf3b23838d01a63ab2fd
375,12acca2a663cd56d699799d48cc7e360b1245e3e9d8d0b40bb5327d71c1dafcb
376,aa798929142321e5976b07aa2797bb5aecf0d3814b28a21395068e698945c9bd
377,fc4cb4ed80cf8294a18391d46eb30430bb716150fba1303157eaf4ccd8c110c3
378,4a09f410091ebfbee5aef38f78388f6f6744ea856937d372c17b9f74dd253362
379,5f35c15f6a8eee522861058fa9b41e68efb9684c1d65468ecbc67cc5c8702964
380,3afd61af573f51b5f9a75b18d4df34bb8976f7f0c1e6f306c47172ac4d723e8b
381,0d91cb5d04ceda610629761bfeab8ef5e1963851d65a6c8f7529a7047d091cff
382,e3e344dbe1deb9bce963be3c3ca276ab6e2d53a7312326840411059884312858
383,8d64d7d57a9e93351e36247315b65f97b34f6ebc9d7c3b04cb88359a7a09596d
384,1be11032fd01605d6972bf93df5e78b6409aaf66b65ead2fd54bf578acbd252b
385,e6b027a22790e6159199f1f80088c7942813052be59538009cc70a8f6c9b65b5
386,93104084468633a13e93e2bd9404723f2748e079e07970fdcca7c93f9ffca48a
387,29a34bfbd74c042e59803c6e9d8a819e2c2e032a0bdf1be12543d4c2bda748c1
388,ac35478421192c5435f17740c98498a5e9b9768da9ce7523c805044b49e5066c
389,b507aad44baf204c97bf7678c05f74c87e0e26046a238cba8d44903c9f0db540
390,a8960ba3b200e751c8bfbd0060e3fa9de148eb5c9c8cdd3b99d4b3a1338bfe76
391,951b61cb0a3a89ef98037f9974bc379315578b54229e37645add460ce0bcc954
392,4243b0c50b27196d213b7c36d1bf4dd285ff398df0a0d11d33a36ca109618978
393,7bb835e9407d17e391b7efe0cce4362bc52f952c3e8f358f6d9ac723b3a8b025
394,4eaed1df95d9eb2283bdb2fe7c575bc286bb41ceff75afcbae00abfb02b507b7
395,41fcd607bad6789a86af33bfa1daef973460561dd36429a15519b4d0811db27e
396,9671e5c705add03ca255f2e5227eda6f081adddd2c0b24eca92aea09de51a11a
397,c92f41a7eb6a586feeab5444e70339b02ed2f9ebd5cbf24cc84189225217a5ed
398,866c27353615cef884a1502bced26eb3067419e01a34a575738ae02306f19ea6
399,d7f581168c07425c5b23ae13e520110817650701e016eef2630aeb9cd187b2db
400,40c71671c93ae2c09e07400b7836f569deeeda6a1f97f0f4d37228be6094111c
401,86b26de8cf051c9b8269f3cae694009ea472de1a8a8b2380c9cce2e54fa63119
402,d7b2f0063a1aede031b9c92faee41903f56d31f157d2bdbc4e1752a9d524eac7
403,1a498e7650e63f9da95ff54f236562d91f2dc0a4013b4986f3c9c0130b7f7649
404,868d56ced324137178a8823c44abac2a5e464ab8a7ba7add2c281ba5a25ad5fd
405,5ef5320fe0a3caca7a56dff5af159504331042da313684e7e097a0ff01adcdab
406,0fb862d6fa2a4bd5eee0a6a94240cfc652d8800a8d0ea0cb5104b0b7fb84acc7
407,2feefc7960334d45c9e927856176886c3a944976496385042eeb007f70a1513c
408,8c1af7f25bff9f4619a913dfea1af0ea4370540eafcd007d4d97ee38c41162ea
409,d514ea81313e91f93a3a7f9f2809e3af3daeb84f8745cf54acae035af46b364b
410,bdd28f42e66503c9855e22a86c06689ccd40593523f8ee67b885803cfcc4d1af
411,bc3255c6c5c14d2bb4a1e5151b61031575c7c0b65afe9958e2a156008df50d55
412,e5a564d81cb9ef85af92798fe2d517e7d28195b2778f9a5de8acb54c8f1bf046
413,4a3878d14bf0cd53faba698e7e0832e5ff32cc988009508417f1f6f2206a4501
414,5b116cf1c145fd4d15bd3375672fb8bc2d7d16d4e92622ae9541026ed3b0ac6a
415,ed18e7e24504b45557ba8c27b0ac2af4401d299c142c193f51aca216ffa9cd70
416,5c38108e258726f16f57f4a5e4af14ad56c82fe1541256a3f0b20f3ef7bcca83
417,070e9c8fe471628021beb88426a87ef707aba1df5a54b365714f2ba986b2f822
418,ee47b37ba9113e504d14dd891d51ebecf94ae944162cdbdb87aa07ef782f881c
419,7acd9ee5bf2968cad136796827b6c12187061c262edfd3289fb51845bdd3a4be
420,88ad6981cabcca05a1416ae088f70d588b0318bd0efe84cd47c1fae2b772445a
421,fcbdd5d6ede7284db81b28415ea607dd52925f546bfdbe0439b0537a044aaede
422,96097814c786a3b998ae0c117808dabdd38645ef54dea8abb256f315aa35f476
423,f0d4b4bb166c17310976dcfa0baba24054416e3aaa7cabde7b863450ac770783
424,42ba144a2e4434018532d290911981c971bb6d79cff71b9353562be7cd1ac3e6
425,1116bf0dcfa44b9445d8db07ad010a0c5f7301483ed28466d8fc20134f754e68
426,82e8571a5f8b2aab3807da8bc99fa553bbb59e265d42e3c5a1415326647f1e55
427,ae484a574b7862070a541ed125f0439a2b7003023e68d90d38ae54d46b935765
428,aa428a8b97386f19311390fa903a5224c8210acf0e41c3069ea2ea7dca076145
429,66f14cc0f4cba50e54300bc79c0d185b69524ee2913bb7c8387db3691539550c
430,5d285227dcd0dad233c7720c07892b935714a3fba4bef3b2d6ff1c28ca305297
431,37d0ed963bb77cc82a5f0ba2b645b1cdccd683c7bb20f6d55dafa24b00b83362
432,c9321113e6011258bae6c583071a2d4ff9d7cfe0ec1f605276c094edf967b233
433,5766efb0108a9018d539908ac7614108a2a65055d4d2e21cb821a2bf6b6cffc0
434,4092038e6e7bfca8afaa9cb6ce53ed8b8575a7058f2ca8cdc88ed31ed578911e
435,b02aa479e918f582ef5c260a4ccf2e23080891fcb89f1536b4661c54f89c2725
436,d8c2cbc3416b9e8551e4e37d14480bcd06ec89d7d781687d518e7321702a9956
437,35f56cfbf3d8c4acd94db49599d1f97b123c8da4851129e4fa6b826b6eb3455d
438,621e03a235f00791827391795814d0f95f3c3bc48f29206323b06599852dfef0
439,1ce09cc09af747bee59b4cd1362854529b195e5c2db7ae0900db54470d089a7d
440,68defc107bd8c9f66b8a20011891ed5fe5dea0222adac7746f4dfe937f282401
441,707ebcc7d50ebbc33c666c4c188111ef7fd3e0586efce7906c5e752654b51d44
442,daa1915d5305f4c94c0e601ada766f53d68a5c57906214f7b83d2d08949aad1c
443,236df8755aa60ae6947e9cb6c384451c9fcac150de9662ec5d08c19bbb4bc533
444,23aa8e1670fbf792bfd34102785b701e0b484b50479157b8ec2770089d16489f
445,446d3c6251050e0abe53246c3e79e8dfbdda68c6d472bee9bbda1abf85e72fb8
446,694fd93c66d9d9d93263360b02bf5b45beabdf80f7eacaa8695e467b01f315d4
447,ce51f37f71ee2e563d0f689b4a4d88c694c95785da390e5d0b0dbd1b086b75cd
448,4fca2995bc1f016a703d859dacdd8fef3e389e5c0edd4863f5667cb27b9b797e
449,14391cfa7bf776cddf057c5ce7522e8e7520e98f80847857151deba485be8de8
450,fef88bd6e25b2cb2aefb5d9168eb510501e5c5ff25b164bdb401786bfdaa7caf
451,00f62efb6d4d15a267843e57592cc8cde4e19fcfdf1cb0980d84070bbcba2607
452,6b7fb8b1f0083ac9c6f15425a2a1abf53c96177ab7b0b51c7eb0a250ace3a97a
453,24672f0a813899b0119cc9da8f1b60aa7c59d1531cbfff0ffe59055ee2824872
454,bec04e6bfb2299429deef299dd63fabb7568e5d30b9b5ff88acfa63c0b8e6139
455,2703610de79aaf5f2be085c29f14fe19e23a9b1c0e32ddd36e3ab3eb5299d9d8
456,2b51386ab8fb1dc66bd8224ca5ea21a246683f0d26b41c6ec8762bc23384c5bb
457,dd69f5c9f08925703a5b35f4eb23b34fc68f6bbefb48d8d54444a6e1505b1f2f
458,200fd71eee56f2d2087eb13fe68e0cfea959e66f93ffc84fc51593d14277e6ad
459,cdaf2f89c9b47809d658eea6221b5435fab114066712b53d26f1322d6fad2389
460,cddf1aa22e3b57e83a77ae94cc13b47d9137f2aa9e8110d2d89922969327726b
461,dd710b83a98fec9be6c12144ac60da351f03997faf97c5f234cd480065794c4b
462,2cb659be50e5766c9521ee12c8881989ce14a8e6b8e86fa1757360e294c65fd8
463,08b163d18be7e14eaac63fc8b1c2f5836d14b7cb42194dd870519d620aa7e918
464,262203e3d92fdfbc43ff75a913ee2f1d850f0d754a093459d122d0d3e2b15563
465,08adfd3a7eb24cbfbaf85c37db4d3ae250aa05aad8ff0fab216dcf1cf8a1a76e
466,b51e88e55e94427dbfcab6ece2b6471ecffa140f6dd574852bdeee3a362858e3
467,92b110025146ef8118e9b65899011899cbc3d1b1bc5dcde37ff9556d00ea56fb
468,c4cb964ebb0f508d5bb110606992629514300ed88389913266dabde568c7a606
469,99c55207fc326bc9565e695acabf240da13691edeaec5a78de1790b942029f38
470,1fde0962e559d3da0cb6168347e5edd026973c7f6f629ad985af359dc3e0b7ec
471,0f4ed65a142af55d4bc171578f1d9af0f869fcd0818c28d97c5dbfe3fab2a6da
472,ffd605b5cd16754beedb267045350dc5b670e4c5128d934014c31e031ebdeeb7
473,fe4a5fccdc0b4608b2775012d434770b4264ae3856e88d9d247ca2802744ba2d
474,1c312a68858845c0fe0b35135d5e09d451008925e3d31a17f0971c5744ed6c00
475,e648ff1d00e4d410b5551236336cd013e6cfb3ba924421f3c81bd7ca74ce01bc
476,6d2b31a957d685a111cf7933d194e60f0ce041fad3854b8fe79a136dfa3e9cbb
477,f4621f429192867b6de1243408a6e80e40668b76fafcac76ff37bd881a83095a
478,1fb0ae054d16f541da6b028e485168634d49b3748dae2276d1e0c9b62c41c0a6
479,20b8fa0baf1a1ea62728cbbcc8f8de78a69f1e3abbfefb61a24396b840723369
480,08332204244458d86d7414a49b5dcef3c523ffd026bb2ba760ee3a706b1da646
481,3cd48fad824be64ae86400220a69bb1e5fbc139e267d693fb7141276f3ba888d
482,8a84f4683c332a2a3fd0733995f8c6a6392d7abfc21a2b60b98b74e201f642b6
483,3d45e1cbb96672a26083d16b7d7ec665a47dd65e61632167cfa3500e64e06761
484,e713e1280d9c5d9892d34adb07106113c642b3ecbc407cb8299ee8f38ab7c84e
485,db4a493a91d7d93c8d2071374d9dcbde95ff4cc98c58e2adcd449a52aa98b412
486,4416ac1a8659dcba17ed03a0dc45c867d99630f6f562475091b5b5e33689bd77
487,e1b9557113d6549dda0b12b97a719eae74c51f6bc236e6e46fb80f8a78e9ab27
488,43c72580781cf4b73731157ede27587fa82030965de4520d889eda1725138dac
489,e951be331cba3a48464e608c396861af126effb9bfc2e06e5a7dc77e53e1291b
490,8b317f31489d2e1aab204efba6d1767bd73253dd79179214b45a422c403791af
491,265445c96a75092a416a7c26daef9c65b6f84374c3d701fd8e3dca22aaeb6e19
492,84361e9f0ac95bab7e708d143d3899d073b3c2ea0ff35c42166bfe1846252e69
493,4559a5c51f8a18182d9af36f4209452a9b0247bd75d1454cec4ec6f36ee028be
494,1390693e3e179fb241c7b95764928949c73e4ab92a30d97d86bf281b6d183dfd
495,e99a267ffeb6a8f5703267d281226f5d59ec0e8be31163c41294ea37b17e8530
496,8d022419e2ce146a9e4b4791c8feaf362813e83be22a447658f9c68ee656b7b7
497,103f11aa3e9837759a9ae14e4aaad96f368c26eb81b1380516ea15f6e7c7536f
498,5e353b811840d5517e809f3137f8cb94ec83a2911bf8447ab72448f4f9a736f1
499,3055cdfef65fdd0e705107cfd34c5f787805cf291fb7d8a075a4674f90efec88
500,ed923b25f787fe0bef7da4a120326af508f27568372435ea0f20171077b38d08
